id,url,viewed,user_id
1,https://www.instagram.com/zhenechka130287/,1,2
2,https://www.instagram.com/olgapankina__/,1,2
3,https://www.instagram.com/popovaoksana4305/,1,2
4,https://www.instagram.com/ekaterina_grigorieva/,1,2
5,https://www.instagram.com/olga_chernysheva27/,1,2
6,https://www.instagram.com/romanova.1503/,1,2
7,https://www.instagram.com/n.kaluzhnaya/,1,2
8,https://www.instagram.com/lianochka__magic/,1,2
9,https://www.instagram.com/mir.dizayna.i.interyera/,1,2
10,https://www.instagram.com/saratovskay85/,1,2
11,https://www.instagram.com/katya_vinogradova/,1,2
12,https://www.instagram.com/elen_shamina/,1,2
13,https://www.instagram.com/pelageina902018/,1,2
14,https://www.instagram.com/tamilla_kafarova/,1,2
15,https://www.instagram.com/viqgirl/,1,2
16,https://www.instagram.com/wap_wow/,1,2
17,https://www.instagram.com/tituldv/,1,2
18,https://www.instagram.com/mpigulevskaya/,1,2
19,https://www.instagram.com/valery_eduardovna/,1,2
20,https://www.instagram.com/afi_nails/,1,2
21,https://www.instagram.com/camila_golondrina/,1,2
22,https://www.instagram.com/linashorokhova/,1,2
23,https://www.instagram.com/dizaynehomea/,1,2
24,https://www.instagram.com/katerina__kostina/,1,2
25,https://www.instagram.com/dpok691/,1,2
26,https://www.instagram.com/alliance_cd/,1,2
27,https://www.instagram.com/niceeeeeee_11/,1,2
28,https://www.instagram.com/_agolives/,1,2
29,https://www.instagram.com/petr_plys/,1,2
30,https://www.instagram.com/al.ia8514/,1,2
31,https://www.instagram.com/natpankrat/,1,2
32,https://www.instagram.com/shynartailakovp/,1,2
33,https://www.instagram.com/khridochkina_kristina/,1,2
34,https://www.instagram.com/negin______alizadeh/,1,2
35,https://www.instagram.com/ali_dehkordy19/,1,2
36,https://www.instagram.com/noyem4/,1,2
37,https://www.instagram.com/elenaelena5942/,1,2
38,https://www.instagram.com/afanassevaa/,1,2
39,https://www.instagram.com/leilii_bb/,1,2
40,https://www.instagram.com/maria__prodaja_veschei/,1,2
41,https://www.instagram.com/ruslan_6484/,1,2
42,https://www.instagram.com/novosti.volgograd/,1,2
43,https://www.instagram.com/bocarovairina12/,1,2
44,https://www.instagram.com/emilyykn/,1,2
45,https://www.instagram.com/gala_yariz/,1,2
46,https://www.instagram.com/belka_ets/,1,2
47,https://www.instagram.com/nik_yan_/,1,2
48,https://www.instagram.com/ioanna_maletina/,1,2
49,https://www.instagram.com/mariyam14_/,1,2
50,https://www.instagram.com/midiya_mi/,1,2
51,https://www.instagram.com/dianapychenkova2/,1,2
52,https://www.instagram.com/daria.ivanovaa/,1,2
53,https://www.instagram.com/zh_aktalapov_07/,1,2
54,https://www.instagram.com/valyatrofimov/,1,2
55,https://www.instagram.com/takhir4941/,1,2
56,https://www.instagram.com/alinapestovskaya/,1,2
57,https://www.instagram.com/onlycars20/,1,2
58,https://www.instagram.com/amazonka404/,1,2
59,https://www.instagram.com/mrss.alicee/,1,2
60,https://www.instagram.com/_ju.jum_/,1,2
61,https://www.instagram.com/memes_standoff_2_2/,1,2
62,https://www.instagram.com/bobir_official_0696/,1,2
63,https://www.instagram.com/afina.ismailova/,1,2
64,https://www.instagram.com/ketrin.zaharova/,1,2
65,https://www.instagram.com/kidsstore_38/,1,2
66,https://www.instagram.com/goarpetrosyan/,1,2
67,https://www.instagram.com/abdullahshovhalov205/,1,2
68,https://www.instagram.com/glotovamashaa/,1,2
69,https://www.instagram.com/katy__world/,1,2
70,https://www.instagram.com/olgapotapkina/,1,2
71,https://www.instagram.com/irinasamusenko46/,1,2
72,https://www.instagram.com/deleted.01.01.10/,1,2
73,https://www.instagram.com/emets.nina/,1,2
74,https://www.instagram.com/elenais82/,1,2
75,https://www.instagram.com/ab_mishel/,1,2
76,https://www.instagram.com/alina.li.tvinova/,1,2
77,https://www.instagram.com/888_darya_888/,1,2
78,https://www.instagram.com/lavrenova_anya/,1,2
79,https://www.instagram.com/irina_tatalina/,1,2
80,https://www.instagram.com/svetlgleb/,1,2
81,https://www.instagram.com/nati311310/,1,2
82,https://www.instagram.com/lariksandra/,1,2
83,https://www.instagram.com/akarachkina_tata/,1,2
84,https://www.instagram.com/bella___1807/,1,2
85,https://www.instagram.com/s.krasnobaeva_/,1,2
86,https://www.instagram.com/missliza306/,1,2
87,https://www.instagram.com/iris_kasatin/,1,2
88,https://www.instagram.com/___c.h.a.n.e.l__/,1,2
89,https://www.instagram.com/_k.kris25/,1,2
90,https://www.instagram.com/lenika____/,1,2
91,https://www.instagram.com/nata7200/,1,2
92,https://www.instagram.com/ultra__black666/,1,2
93,https://www.instagram.com/veron_klim/,1,2
94,https://www.instagram.com/annushka7604/,1,2
95,https://www.instagram.com/argzargen/,1,2
96,https://www.instagram.com/lessi2705/,1,2
97,https://www.instagram.com/la_pastel7777777/,1,2
98,https://www.instagram.com/danielamotruc/,1,2
99,https://www.instagram.com/v.f238/,1,2
100,https://www.instagram.com/bella_spodobaeva/,1,2
101,https://www.instagram.com/aigerashalaeva1991/,1,2
102,https://www.instagram.com/olgarustyamova/,1,2
103,https://www.instagram.com/maha_snozik/,1,2
104,https://www.instagram.com/tamipassi/,1,2
105,https://www.instagram.com/apushkinskaja/,1,2
106,https://www.instagram.com/budnikova1/,1,2
107,https://www.instagram.com/14052013cha/,1,2
108,https://www.instagram.com/gdiyana/,1,2
109,https://www.instagram.com/katerinapentegova/,1,2
110,https://www.instagram.com/tonita__uma/,1,2
111,https://www.instagram.com/m_matrechka/,1,2
112,https://www.instagram.com/naraorenburg/,1,2
113,https://www.instagram.com/ostroushkokatia/,1,2
114,https://www.instagram.com/nataliablaganina/,1,2
115,https://www.instagram.com/potashevskaiaelena/,1,2
116,https://www.instagram.com/target__s/,1,2
117,https://www.instagram.com/gudenko_nata/,1,2
118,https://www.instagram.com/norik943784508533t/,1,2
119,https://www.instagram.com/karina92m/,1,2
120,https://www.instagram.com/aselyanur/,1,2
121,https://www.instagram.com/alinkeetarsina/,1,2
122,https://www.instagram.com/ksussss.s/,1,2
123,https://www.instagram.com/elenasidyakina/,1,2
124,https://www.instagram.com/yanna_kov/,1,2
125,https://www.instagram.com/marishka04444/,1,2
126,https://www.instagram.com/ladentanya/,1,2
127,https://www.instagram.com/tatiananvk/,1,2
128,https://www.instagram.com/egizarova_kg/,1,2
129,https://www.instagram.com/alvecastudio/,1,2
130,https://www.instagram.com/ollaalla/,1,2
131,https://www.instagram.com/__viktoriya__gv/,1,2
132,https://www.instagram.com/mersi161/,1,2
133,https://www.instagram.com/ibrohimovanigora83/,1,2
134,https://www.instagram.com/mashadasha13/,1,2
135,https://www.instagram.com/katrin.bark/,1,2
136,https://www.instagram.com/st.rozi/,1,2
137,https://www.instagram.com/ona_malina_/,1,2
138,https://www.instagram.com/narublevkerigelife/,1,2
139,https://www.instagram.com/savenkova.anna/,1,2
140,https://www.instagram.com/lisabettaaaaa/,1,2
141,https://www.instagram.com/ruksandaviktorovna/,1,2
142,https://www.instagram.com/_blikyan_/,1,2
143,https://www.instagram.com/shop_essentuki/,1,2
144,https://www.instagram.com/bemanurlanova/,1,2
145,https://www.instagram.com/a.a.g._interior/,1,2
146,https://www.instagram.com/sochi_proekt/,1,2
147,https://www.instagram.com/__anna_gl__/,1,2
148,https://www.instagram.com/dasha_denke/,1,2
149,https://www.instagram.com/mr.dik_dior/,1,2
150,https://www.instagram.com/son__margarita/,1,2
151,https://www.instagram.com/chihahuha/,1,2
152,https://www.instagram.com/bossosv2019/,1,2
153,https://www.instagram.com/engraving_by_valery/,1,2
154,https://www.instagram.com/tais_design_interior/,1,2
155,https://www.instagram.com/crazy_boss_mom/,1,2
156,https://www.instagram.com/dariaaaaa9/,1,2
157,https://www.instagram.com/b.malik555/,1,2
158,https://www.instagram.com/oksanayartseva1/,1,2
159,https://www.instagram.com/ryab_ma/,1,2
160,https://www.instagram.com/vivid_soul__/,1,2
161,https://www.instagram.com/aliiazagitov/,1,2
162,https://www.instagram.com/olechkakabatova/,1,2
163,https://www.instagram.com/olga_v_k7/,1,2
164,https://www.instagram.com/aniuta3221/,1,2
165,https://www.instagram.com/favourite88/,1,2
166,https://www.instagram.com/sveta._.pn/,1,2
167,https://www.instagram.com/rominaiurku/,1,2
168,https://www.instagram.com/aleksandrina5613/,1,2
169,https://www.instagram.com/obmery_msk/,1,2
170,https://www.instagram.com/theayykezhakipbaeva_/,1,2
171,https://www.instagram.com/anastasiya_germany/,1,2
172,https://www.instagram.com/vesta3012/,1,2
173,https://www.instagram.com/nata_lia_ross/,1,2
174,https://www.instagram.com/__sdianka__/,1,2
175,https://www.instagram.com/ginasaraswat/,1,2
176,https://www.instagram.com/aburtseva02/,1,2
177,https://www.instagram.com/darya_sdd/,1,2
178,https://www.instagram.com/alldancetogether/,1,2
179,https://www.instagram.com/li.ka9158/,1,2
180,https://www.instagram.com/n__marijaaa/,1,2
181,https://www.instagram.com/filnastya/,1,2
182,https://www.instagram.com/marina_cernoseina/,1,2
183,https://www.instagram.com/__debutante__/,1,2
184,https://www.instagram.com/svetlana__babiy/,1,2
185,https://www.instagram.com/ev_kizilova/,1,2
186,https://www.instagram.com/lena.pishtoaie/,1,2
187,https://www.instagram.com/vikuncy_vikuncy/,1,2
188,https://www.instagram.com/smirnova_minali/,1,2
189,https://www.instagram.com/altynai_kabdenova/,1,2
190,https://www.instagram.com/e.pastryshopmms/,1,2
191,https://www.instagram.com/__lusine_sukiasyan/,1,2
192,https://www.instagram.com/kostyleva_ira/,1,2
193,https://www.instagram.com/life_alf_life/,1,2
194,https://www.instagram.com/mashadid2005/,1,2
195,https://www.instagram.com/6550_mari/,1,2
196,https://www.instagram.com/valeriya4224/,1,2
197,https://www.instagram.com/krosshop555/,1,2
198,https://www.instagram.com/katerina_mamaa/,1,2
199,https://www.instagram.com/korulinatatyana/,1,2
200,https://www.instagram.com/kristina_hitraya/,1,2
201,https://www.instagram.com/ivanovairina8496/,1,2
202,https://www.instagram.com/el439334/,1,2
203,https://www.instagram.com/kseniavladimirova1/,1,2
204,https://www.instagram.com/vitaliya16.03/,1,2
205,https://www.instagram.com/lusiodessa/,1,2
206,https://www.instagram.com/jyvghkgy/,1,2
207,https://www.instagram.com/19keyt19/,1,2
208,https://www.instagram.com/d__kristya__/,1,2
209,https://www.instagram.com/ibrahibabraham/,1,2
210,https://www.instagram.com/nadezhda_polakova_/,1,2
211,https://www.instagram.com/abdirovaainur/,1,2
212,https://www.instagram.com/gorkaya.stasya/,1,2
213,https://www.instagram.com/pohjanmaan.nnovgorod/,1,2
214,https://www.instagram.com/allayorova_g/,1,2
215,https://www.instagram.com/kirillprasolov/,1,2
216,https://www.instagram.com/anatolii_3648/,1,2
217,https://www.instagram.com/alenalieva/,1,2
218,https://www.instagram.com/tbilisi_photosessions/,1,2
219,https://www.instagram.com/elena___rossi/,1,2
220,https://www.instagram.com/lanadumanova007/,1,2
221,https://www.instagram.com/anna_livvv/,1,2
222,https://www.instagram.com/h_milana_h/,1,2
223,https://www.instagram.com/lubimayayusya/,1,2
224,https://www.instagram.com/alessia_sh11/,1,2
225,https://www.instagram.com/f4milya.im14/,1,2
226,https://www.instagram.com/elvikhab/,1,2
227,https://www.instagram.com/mario_cherkessk/,1,2
228,https://www.instagram.com/susanna2604_/,1,2
229,https://www.instagram.com/_besedina_/,1,2
230,https://www.instagram.com/bozhevika/,1,2
231,https://www.instagram.com/hatuev_gleb09/,1,2
232,https://www.instagram.com/___karapetyan_/,1,2
233,https://www.instagram.com/kolya_serdiukov/,1,2
234,https://www.instagram.com/naslednik_roda/,1,2
235,https://www.instagram.com/jane.bondareva/,1,2
236,https://www.instagram.com/atrium_potolki/,1,2
237,https://www.instagram.com/rzm0152/,1,2
238,https://www.instagram.com/_aesthetics_touch_/,1,2
239,https://www.instagram.com/eleonorastrelcova/,1,2
240,https://www.instagram.com/f1ri.da_m/,1,2
241,https://www.instagram.com/laksitaendah/,1,2
242,https://www.instagram.com/irinanurtdinova15/,1,2
243,https://www.instagram.com/ethnicjulia/,1,2
244,https://www.instagram.com/saidov_9519/,1,2
245,https://www.instagram.com/pipenkoaleks/,1,2
246,https://www.instagram.com/mziko_khidisheli/,1,2
247,https://www.instagram.com/ekaterina.esd/,1,2
248,https://www.instagram.com/i.s.l.a.m._777_/,1,2
249,https://www.instagram.com/tatiana_gorbunovaa/,1,2
250,https://www.instagram.com/olyaa.010/,1,2
251,https://www.instagram.com/annchekr/,1,2
252,https://www.instagram.com/________l___a___n___a________/,1,2
253,https://www.instagram.com/vaish.vasi/,1,2
254,https://www.instagram.com/liyakha/,1,2
255,https://www.instagram.com/evgeniy_master52/,1,2
256,https://www.instagram.com/alana_____1997/,1,2
257,https://www.instagram.com/nadezhda._.sokolova/,1,2
258,https://www.instagram.com/romanuk_inna/,1,2
259,https://www.instagram.com/alla_adonyeva/,1,2
260,https://www.instagram.com/elenabrynetkina/,1,2
261,https://www.instagram.com/lev33421/,1,2
262,https://www.instagram.com/kurnosovilya16/,1,2
263,https://www.instagram.com/rezerv.05.2020/,1,2
264,https://www.instagram.com/esraflatah/,1,2
265,https://www.instagram.com/butuzova__/,1,2
266,https://www.instagram.com/vakha5156/,1,2
267,https://www.instagram.com/_ave_alinka_/,1,2
268,https://www.instagram.com/_kayfarik_ing_006/,1,2
269,https://www.instagram.com/prinsses___ya/,1,2
270,https://www.instagram.com/ms_luba_b/,1,2
271,https://www.instagram.com/korm_promenad/,1,2
272,https://www.instagram.com/iakushevskii2/,1,2
273,https://www.instagram.com/five_mimi_/,1,2
274,https://www.instagram.com/volland2020/,1,2
275,https://www.instagram.com/xati_pataridzee/,1,2
276,https://www.instagram.com/valentina_86g/,1,2
277,https://www.instagram.com/igo.540/,1,2
278,https://www.instagram.com/videideabest/,1,2
279,https://www.instagram.com/shabasheva_kristina/,1,2
280,https://www.instagram.com/n_e_l_l_y_a_/,1,2
281,https://www.instagram.com/pro_stylee_/,1,2
282,https://www.instagram.com/rukaiya_adamovna/,1,2
283,https://www.instagram.com/_annn_33/,1,2
284,https://www.instagram.com/swet_sweta/,1,2
285,https://www.instagram.com/shtu4ka13/,1,2
286,https://www.instagram.com/mrs.ermak/,1,2
287,https://www.instagram.com/srpsrpuk/,1,2
288,https://www.instagram.com/madamwklaipeda/,1,2
289,https://www.instagram.com/_tykaeva/,1,2
290,https://www.instagram.com/happyevent_66/,1,2
291,https://www.instagram.com/illegal.civ/,1,2
292,https://www.instagram.com/shugaring_mahachkalaa05/,1,2
293,https://www.instagram.com/naumkina282/,1,2
294,https://www.instagram.com/jenskie_odejda456/,1,2
295,https://www.instagram.com/bitter_bites__/,1,2
296,https://www.instagram.com/ingridrangelespinosa/,1,2
297,https://www.instagram.com/pbgroup_kz/,1,2
298,https://www.instagram.com/countess_di/,1,2
299,https://www.instagram.com/karinka__01/,1,2
300,https://www.instagram.com/christina_l_l_l/,1,2
301,https://www.instagram.com/bakhtier5396/,1,2
302,https://www.instagram.com/manicure_luxio_/,1,2
303,https://www.instagram.com/atverdohleb/,1,2
304,https://www.instagram.com/innokent.design/,1,2
305,https://www.instagram.com/anna_polosina_design/,1,2
306,https://www.instagram.com/khabib.kurakhmaev/,1,2
307,https://www.instagram.com/cronicaeamore/,1,2
308,https://www.instagram.com/sumaya_16d/,1,2
309,https://www.instagram.com/agafonovaa_/,1,2
310,https://www.instagram.com/ccconfidenccce/,1,2
311,https://www.instagram.com/tereshina3453/,1,2
312,https://www.instagram.com/rajat.khater/,1,2
313,https://www.instagram.com/katrin6250/,1,2
314,https://www.instagram.com/sattarovamunisa/,1,2
315,https://www.instagram.com/helen.3.2.1/,1,2
316,https://www.instagram.com/thalassolab_kem/,1,2
317,https://www.instagram.com/mrs._juliya/,1,2
318,https://www.instagram.com/lia.pinzar/,1,2
319,https://www.instagram.com/emiliomirzoev/,1,2
320,https://www.instagram.com/zzzzzzz_313/,1,2
321,https://www.instagram.com/teiminepetrosian/,1,2
322,https://www.instagram.com/kovart.ru/,1,2
323,https://www.instagram.com/_olgaarh_/,1,2
324,https://www.instagram.com/o.a.1111/,1,2
325,https://www.instagram.com/06rrr_jek/,1,2
326,https://www.instagram.com/lusia42.2017/,1,2
327,https://www.instagram.com/imetacortex/,1,2
328,https://www.instagram.com/cebanu8236/,1,2
329,https://www.instagram.com/a_m_i_n_a.05/,1,2
330,https://www.instagram.com/karlaglez2009/,1,2
331,https://www.instagram.com/chpouvkeip/,1,2
332,https://www.instagram.com/arqerikalando/,1,2
333,https://www.instagram.com/gvants_____/,1,2
334,https://www.instagram.com/basht_26292/,1,2
335,https://www.instagram.com/_mandarinkaa_17/,1,2
336,https://www.instagram.com/kalashnikovadn/,1,2
337,https://www.instagram.com/i.bakieva/,1,2
338,https://www.instagram.com/andrei.tarkhaneev/,1,2
339,https://www.instagram.com/a_r_d_6/,1,2
340,https://www.instagram.com/n_demchishina/,1,2
341,https://www.instagram.com/ulialalikova/,1,2
342,https://www.instagram.com/tata_erof/,1,2
343,https://www.instagram.com/marussa.58/,1,2
344,https://www.instagram.com/2762295alex/,1,2
345,https://www.instagram.com/miller_1847/,1,2
346,https://www.instagram.com/alex_n1ki/,1,2
347,https://www.instagram.com/tommymarkov/,1,2
348,https://www.instagram.com/chistova5430/,1,2
349,https://www.instagram.com/siphe_mini/,1,2
350,https://www.instagram.com/svetlaova/,1,2
351,https://www.instagram.com/nanitel/,1,2
352,https://www.instagram.com/marisa_cojocaru/,1,2
353,https://www.instagram.com/55555_5ad/,1,2
354,https://www.instagram.com/sherzod90_93/,1,2
355,https://www.instagram.com/belgorod.design/,1,2
356,https://www.instagram.com/maya_merlo/,1,2
357,https://www.instagram.com/aliyaks/,1,2
358,https://www.instagram.com/khalimov.pairav/,1,2
359,https://www.instagram.com/miriams_accessorize/,1,2
360,https://www.instagram.com/mariya_041092/,1,2
361,https://www.instagram.com/gulnaznurmatkyzy/,1,2
362,https://www.instagram.com/kenj.b.j.8993/,1,2
363,https://www.instagram.com/isholga85/,1,2
364,https://www.instagram.com/s.v.kokova/,1,2
365,https://www.instagram.com/eugen_butsko/,1,2
366,https://www.instagram.com/yana.094575/,1,2
367,https://www.instagram.com/_snowflake_02280/,1,2
368,https://www.instagram.com/panova.maria_/,1,2
369,https://www.instagram.com/mama__english/,1,2
370,https://www.instagram.com/vallenthalia/,1,2
371,https://www.instagram.com/___albina_a/,1,2
372,https://www.instagram.com/dima_angelina/,1,2
373,https://www.instagram.com/michrbs2/,1,2
374,https://www.instagram.com/iraponamareva73/,1,2
375,https://www.instagram.com/elen_cher1/,1,2
376,https://www.instagram.com/tanyaa841/,1,2
377,https://www.instagram.com/anastasiya.shilina.91/,1,2
378,https://www.instagram.com/sweet_paradaise_kmv/,1,2
379,https://www.instagram.com/_1111gul/,1,2
380,https://www.instagram.com/naumiirina/,1,2
381,https://www.instagram.com/gerasimcholga/,1,2
382,https://www.instagram.com/19suskova90/,1,2
383,https://www.instagram.com/zavgorodniaia_oksana/,1,2
384,https://www.instagram.com/fursinovam/,1,2
385,https://www.instagram.com/mashulia_tolstikova/,1,2
386,https://www.instagram.com/svetlana_06.08/,1,2
387,https://www.instagram.com/vakulenko_tatyana94/,1,2
388,https://www.instagram.com/zhannatsyrendorzhie/,1,2
389,https://www.instagram.com/ps_ritas/,1,2
390,https://www.instagram.com/stabulnik_mani/,1,2
391,https://www.instagram.com/a_onosova/,1,2
392,https://www.instagram.com/ksenia_ksenia_77/,1,2
393,https://www.instagram.com/olga_stelmashova/,1,2
394,https://www.instagram.com/lilit3447/,1,2
395,https://www.instagram.com/vishn.n94/,1,2
396,https://www.instagram.com/trofimovairina1853/,1,2
397,https://www.instagram.com/yurikovatatyana76/,1,2
398,https://www.instagram.com/alfiza1991/,1,2
399,https://www.instagram.com/batokhin/,1,2
400,https://www.instagram.com/revavika3392019/,1,2
401,https://www.instagram.com/badriddinov_6/,1,2
402,https://www.instagram.com/kastykpaeva_lari/,1,2
403,https://www.instagram.com/comit_maniglie/,1,2
404,https://www.instagram.com/ibragimova_napisat_/,1,2
405,https://www.instagram.com/ivan__kolotuhin/,1,2
406,https://www.instagram.com/matvey_spb_life/,1,2
407,https://www.instagram.com/nadiasemenova444/,1,2
408,https://www.instagram.com/andreaforkosh/,1,2
409,https://www.instagram.com/daniyar_04.12.9x/,1,2
410,https://www.instagram.com/liberanscaia/,1,2
411,https://www.instagram.com/poziubanova_olya/,1,2
412,https://www.instagram.com/ryazanova.ox04/,1,2
413,https://www.instagram.com/lone3114/,1,2
414,https://www.instagram.com/anastasia.4706/,1,2
415,https://www.instagram.com/signe87/,1,2
416,https://www.instagram.com/aygul.osipova26/,1,2
417,https://www.instagram.com/karamalieva_emma2018/,1,2
418,https://www.instagram.com/kati_chernyshova_/,1,2
419,https://www.instagram.com/kachseva/,1,2
420,https://www.instagram.com/dmitruk____/,1,2
421,https://www.instagram.com/evaliuter/,1,2
422,https://www.instagram.com/aliza25.07.93/,1,2
423,https://www.instagram.com/mukashova4/,1,2
424,https://www.instagram.com/koteneva.tatiana/,1,2
425,https://www.instagram.com/teagoderdzishvili/,1,2
426,https://www.instagram.com/svetlana.ivasenko539/,1,2
427,https://www.instagram.com/yanna2810/,1,2
428,https://www.instagram.com/anna_2020_4/,1,2
429,https://www.instagram.com/tulpan16061971/,1,2
430,https://www.instagram.com/lidiia_sheludyakova/,1,2
431,https://www.instagram.com/zulyasafina/,1,2
432,https://www.instagram.com/lesyaelena/,1,2
433,https://www.instagram.com/_seritskaya_/,1,2
434,https://www.instagram.com/dddiyana.99/,1,2
435,https://www.instagram.com/vika666622/,1,2
436,https://www.instagram.com/_violetik/,1,2
437,https://www.instagram.com/albinaminikaeva1979/,1,2
438,https://www.instagram.com/vgooclh/,1,2
439,https://www.instagram.com/laur_003/,1,2
440,https://www.instagram.com/irin.ka.uraeva86/,1,2
441,https://www.instagram.com/annanedokhlebova/,1,2
442,https://www.instagram.com/obabinceva7/,1,2
443,https://www.instagram.com/kokoreva799/,1,2
444,https://www.instagram.com/bth5__/,1,2
445,https://www.instagram.com/mashylia_m_m/,1,2
446,https://www.instagram.com/gbao1990/,1,2
447,https://www.instagram.com/sati120593/,1,2
448,https://www.instagram.com/strizhakovaekaterin/,1,2
449,https://www.instagram.com/nataly_maltseva_10/,1,2
450,https://www.instagram.com/ksu_ksu_z/,1,2
451,https://www.instagram.com/sub_marina777/,1,2
452,https://www.instagram.com/lazzat__nursultanova/,1,2
453,https://www.instagram.com/mukhammed156/,1,2
454,https://www.instagram.com/galina_kucenko/,1,2
455,https://www.instagram.com/saantosespinoza/,1,2
456,https://www.instagram.com/lashes_jasmin/,1,2
457,https://www.instagram.com/al_enka62/,1,2
458,https://www.instagram.com/nastenka3332/,1,2
459,https://www.instagram.com/umurzianovaaiia/,1,2
460,https://www.instagram.com/irinaborobina/,1,2
461,https://www.instagram.com/liubagherghelejiu/,1,2
462,https://www.instagram.com/kseniiakan/,1,2
463,https://www.instagram.com/ton.lybov/,1,2
464,https://www.instagram.com/sania_rykov/,1,2
465,https://www.instagram.com/k_7.7.7_k/,1,2
466,https://www.instagram.com/sh.rezeda1370/,1,2
467,https://www.instagram.com/natinikpalna/,1,2
468,https://www.instagram.com/ekaterina_lykasova1983/,1,2
469,https://www.instagram.com/nikonka_76/,1,2
470,https://www.instagram.com/anna_belaya89/,1,2
471,https://www.instagram.com/vorf_29/,1,2
472,https://www.instagram.com/zhamiliaaimu/,1,2
473,https://www.instagram.com/arich2014/,1,2
474,https://www.instagram.com/natalyazebnickaya/,1,2
475,https://www.instagram.com/marinagil123/,1,2
476,https://www.instagram.com/irinak2501/,1,2
477,https://www.instagram.com/1donara/,1,2
478,https://www.instagram.com/aizan05/,1,2
479,https://www.instagram.com/svetlana.dmitrieva94/,1,2
480,https://www.instagram.com/lazy_mom_2_sons/,1,2
481,https://www.instagram.com/v_kotova_97/,0,2
482,https://www.instagram.com/tatyana011176/,0,2
483,https://www.instagram.com/marzhan_ecodome/,0,2
484,https://www.instagram.com/asiya.shamuzaeva/,0,2
485,https://www.instagram.com/irinasafina1983/,0,2
486,https://www.instagram.com/anyutagogo1eva/,0,2
487,https://www.instagram.com/madianazhilkenova/,0,2
488,https://www.instagram.com/svetik_belikova111/,0,2
489,https://www.instagram.com/oksanchiksh/,0,2
490,https://www.instagram.com/pmzsz/,0,2
491,https://www.instagram.com/_lub_lub/,0,2
492,https://www.instagram.com/mrs_anasteisha__/,0,2
493,https://www.instagram.com/iashnarabduraimov6/,0,2
494,https://www.instagram.com/wsb_interiors/,0,2
495,https://www.instagram.com/anastasiya_seliverstova_/,0,2
496,https://www.instagram.com/lyaysan_nsk/,0,2
497,https://www.instagram.com/_gabdrafikova23_/,0,2
498,https://www.instagram.com/alexvitok/,0,2
499,https://www.instagram.com/iri.tchernova2018/,0,2
500,https://www.instagram.com/bella_bruna_89/,0,2
501,https://www.instagram.com/kobtseva94/,0,2
502,https://www.instagram.com/_dorisss_28/,0,2
503,https://www.instagram.com/svetlana_avn/,0,2
504,https://www.instagram.com/agastasiia38/,0,2
505,https://www.instagram.com/perevohik/,0,2
506,https://www.instagram.com/svetnik84/,0,2
507,https://www.instagram.com/shamshievmaksatbek/,0,2
508,https://www.instagram.com/na.stya4838/,0,2
509,https://www.instagram.com/allapelagecha/,0,2
510,https://www.instagram.com/ma.lvina4410/,0,2
511,https://www.instagram.com/katena_1999/,0,2
512,https://www.instagram.com/ekaterinaguseva238/,0,2
513,https://www.instagram.com/juliya_nikulina/,0,2
514,https://www.instagram.com/elenka1301/,0,2
515,https://www.instagram.com/elena_energy/,0,2
516,https://www.instagram.com/natverb/,0,2
517,https://www.instagram.com/sadovnikova1282/,0,2
518,https://www.instagram.com/yuliya9852/,0,2
519,https://www.instagram.com/lyubov_filonova/,0,2
520,https://www.instagram.com/_va_le_n_ti_na___nsk/,0,2
521,https://www.instagram.com/vitalii_2876/,0,2
522,https://www.instagram.com/liud994/,0,2
523,https://www.instagram.com/evgeniia.826/,0,2
524,https://www.instagram.com/ya_alica_/,0,2
525,https://www.instagram.com/na_tali3645/,0,2
526,https://www.instagram.com/nargiza_smarova/,0,2
527,https://www.instagram.com/limoonchik7/,0,2
528,https://www.instagram.com/dinochka28/,0,2
529,https://www.instagram.com/ksyna__8888/,0,2
530,https://www.instagram.com/i_v_a_n_o_v_a._16_/,0,2
531,https://www.instagram.com/cloud_kids_/,0,2
532,https://www.instagram.com/dimabalyuev/,0,2
533,https://www.instagram.com/guzel_zakharova/,0,2
534,https://www.instagram.com/m.malchikl/,0,2
535,https://www.instagram.com/cristina_brr/,0,2
536,https://www.instagram.com/lenka10.87/,0,2
537,https://www.instagram.com/tivonyakmaryana/,0,2
538,https://www.instagram.com/orudjeva83/,0,2
539,https://www.instagram.com/_tatyana_pashkova_/,0,2
540,https://www.instagram.com/marjona0409/,0,2
541,https://www.instagram.com/ekashurkina/,0,2
542,https://www.instagram.com/nyusha211/,0,2
543,https://www.instagram.com/reina.del.rey.amodo/,0,2
544,https://www.instagram.com/anokhina1900/,0,2
545,https://www.instagram.com/katerinka12e/,0,2
546,https://www.instagram.com/gfvdln/,0,2
547,https://www.instagram.com/tyarkho.l/,0,2
548,https://www.instagram.com/dastich26/,0,2
549,https://www.instagram.com/kostuk_svetlana/,0,2
550,https://www.instagram.com/kris_ionova/,0,2
551,https://www.instagram.com/kliuchkovskaoksana/,0,2
552,https://www.instagram.com/olenkasamofalov/,0,2
553,https://www.instagram.com/hayson_jewelry/,0,2
554,https://www.instagram.com/kristinasobov/,0,2
555,https://www.instagram.com/dambegova_alina/,0,2
556,https://www.instagram.com/belova_rimm/,0,2
557,https://www.instagram.com/rashkovnikolai/,0,2
558,https://www.instagram.com/yuliya__filatova/,0,2
559,https://www.instagram.com/erzakova_s/,0,2
560,https://www.instagram.com/shlapak5134/,0,2
561,https://www.instagram.com/milashka6957/,0,2
562,https://www.instagram.com/arevik1625/,0,2
563,https://www.instagram.com/alenka_gorbach95/,0,2
564,https://www.instagram.com/nanaroad5/,0,2
565,https://www.instagram.com/ana_34_45/,0,2
566,https://www.instagram.com/marukuzminykh/,0,2
567,https://www.instagram.com/safina.g05/,0,2
568,https://www.instagram.com/alinka.30v/,0,2
569,https://www.instagram.com/cazac_alina_/,0,2
570,https://www.instagram.com/liyachochieva7/,0,2
571,https://www.instagram.com/khalida1840/,0,2
572,https://www.instagram.com/marusia9738/,0,2
573,https://www.instagram.com/first_roofing/,0,2
574,https://www.instagram.com/patimat.o5/,0,2
575,https://www.instagram.com/nastasia_kgb/,0,2
576,https://www.instagram.com/olga_perova80/,0,2
577,https://www.instagram.com/lady___joanna/,0,2
578,https://www.instagram.com/kolyushonkova/,0,2
579,https://www.instagram.com/bzrv_rml/,0,2
580,https://www.instagram.com/h.muratkoprulu/,0,2
581,https://www.instagram.com/muhammad.rabbimov/,0,2
582,https://www.instagram.com/ilgirovicilsur/,0,2
583,https://www.instagram.com/magic_home42/,0,2
584,https://www.instagram.com/alinafraulina/,0,2
585,https://www.instagram.com/tikhomirovahelen/,0,2
586,https://www.instagram.com/mariannochka7778/,0,2
587,https://www.instagram.com/your.brand.buyer/,0,2
588,https://www.instagram.com/monassiss/,0,2
589,https://www.instagram.com/won.fashion/,0,2
590,https://www.instagram.com/dr.yana_andreevna/,0,2
591,https://www.instagram.com/saidova4537/,0,2
592,https://www.instagram.com/odissey_v6/,0,2
593,https://www.instagram.com/safinakaterina/,0,2
594,https://www.instagram.com/zizo_abdulrahman/,0,2
595,https://www.instagram.com/mariaslubschi/,0,2
596,https://www.instagram.com/anigadjiyeva/,0,2
597,https://www.instagram.com/yegorovaov555/,0,2
598,https://www.instagram.com/mehmet_hassen/,0,2
599,https://www.instagram.com/maksbagriy/,0,2
600,https://www.instagram.com/_kelli_aliya_/,0,2
601,https://www.instagram.com/alinadzh__/,0,2
602,https://www.instagram.com/margaritasadykova/,0,2
603,https://www.instagram.com/fox_564_/,0,2
604,https://www.instagram.com/olimjon07007/,0,2
605,https://www.instagram.com/nikol__ka__/,0,2
606,https://www.instagram.com/maristl/,0,2
607,https://www.instagram.com/oliakaylowery25/,0,2
608,https://www.instagram.com/vb_lady/,0,2
609,https://www.instagram.com/gulnarav_family/,0,2
610,https://www.instagram.com/katchieva_fatima_nails/,0,2
611,https://www.instagram.com/onerli_art/,0,2
612,https://www.instagram.com/beliefininfinity/,0,2
